Round,Status Quo
0,0.5156389162354351
1,0.5492813488691901
2,0.44579282377961993
3,0.3715030373552467
4,0.29544409438808367
5,0.26337935563760045
6,0.2768240541573928
7,0.2808325197637313
8,0.28203492177295303
9,0.2577494287384022
10,0.27512357490345596
11,0.28032181749980073
12,0.28188183989004034
13,0.25768533170998054
14,0.27510419120346513
15,0.2803159939354555
16,0.281880094097792
17,0.2576846007483128
18,0.27510397014894694
19,0.2803159275224145
