name,position,capabilities,salience,resolve,true_hawk_type,true_retaliatory_type
player_a,0.10028297500247435,0.3333333333333333,1.0,1.0,1.0,1.0
player_b,0.0,0.3333333333333333,1.0,1.0,1.0,1.0
player_c,0.684565414834976,0.3333333333333333,1.0,1.0,1.0,1.0
