,player1,player2,player3,player4,player5
player1,1.0,0.5,0.5,0.5,0.5
player2,0.1111111111111111,1.0,0.5,0.5,0.5
player3,0.1111111111111111,0.1111111111111111,1.0,0.5,0.5
player4,0.1111111111111111,0.1111111111111111,0.1111111111111111,1.0,0.5
player5,0.0,0.0,0.0,0.0,1.0
