Round,Status Quo
0,0.11334675007010678
1,0.10984668431907099
