Round,player1,player2,player3,player4,player5
0,0.985116,0.999516,0.993916,0.999856,0.993916
1,0.9871525142485448,0.9871525142485448,0.9871525142485448,0.9871525142485448,0.794440227976716
