name,position,capabilities,salience,resolve,true_hawk_type,true_retaliatory_type
player_a,0.20925154618299374,0.3333333333333333,1.0,1.0,1.0,1.0
player_b,0.035755616093810505,0.3333333333333333,1.0,1.0,1.0,1.0
player_c,0.6944682752165133,0.3333333333333333,1.0,1.0,1.0,1.0
