Round,player_a,player_b,player_c
0,0.8263888888888888,0.6597222222222223,0.9722222222222222
1,0.7975059939462887,0.8966339304727047,0.8978609736999937
2,0.9531780930854147,0.8219281132977669,0.8766709755900554
3,0.9731367317334368,0.8097087462675292,0.8469200681520517
