Round,player_a,player_b,player_c
0,1.0,0.0,0.75
1,0.9656322562458304,0.19413297612344388,0.8352308846889716
2,0.33289764589092674,0.1272957013617979,0.9004636724703996
3,0.281892646029371,0.009568966416831026,0.8370471296318984
