Round,Status Quo
0,0.5156389162354351
1,0.5492813488691901
2,0.44579282377961993
3,0.3715030373552467
