,player_a,player_b,player_c
player_a,1.0,0.5,0.5
player_b,0.09090909090909091,1.0,0.5
player_c,0.09090909090909091,0.09090909090909091,1.0
