Round,player_a,player_b,player_c
0,0.8263888888888888,0.6597222222222223,0.9722222222222222
1,0.7758598640819362,0.8832424899300833,0.8835265254634738
2,0.9478353624950624,0.820250480786413,0.8842863543716013
3,0.9681057620265884,0.8726658107478875,0.8892345995247868
4,0.966158804447948,0.9007413057338187,0.8893131747338148
5,0.959078766774661,0.9229001321778249,0.8894631561114301
6,0.9559594704563318,0.9312322862670409,0.8373800208380502
