Round,player_a,player_b,player_c
0,1.0,0.0,0.75
1,0.9884636380845063,0.17333125221848505,0.856311337037523
2,0.29458453042765215,0.09901155026695696,0.8631474066436506
3,0.22614938603256224,0.047899801317938584,0.7375533291061078
4,0.1310937122995397,0.0,0.6477497742633969
5,0.07537865640368102,0.0,0.6101394461216306
6,0.05237763272415652,0.0,0.6654976644216204
