name,position,capabilities,salience,resolve,true_hawk_type,true_retaliatory_type
player_a,0.2048597027881956,0.3333333333333333,1.0,1.0,1.0,1.0
player_b,0.026109335178287174,0.3333333333333333,1.0,1.0,1.0,1.0
player_c,0.6977232150370494,0.3333333333333333,1.0,1.0,1.0,1.0
