Round,Status Quo
0,0.7022923039325897
1,0.7088825462492436
2,0.693025763486344
3,0.5910025666632328
4,0.6601687693749367
5,0.7107769213901008
