name,position,capabilities,salience,resolve,true_hawk_type,true_retaliatory_type
player1,0.1908793116030995,0.2,1.0,1.0,0.0,0.0
player2,0.2978635007011885,0.2,1.0,1.0,0.0,0.0
player3,0.22837056401620237,0.2,1.0,1.0,0.0,0.0
player4,0.13330243051110885,0.2,1.0,1.0,0.0,0.0
player5,0.8207124059636421,0.2,1.0,1.0,0.0,0.0
