Round,player1,player2,player3,player4,player5
0,0.1,0.2,0.3,0.21,0.3
1,0.0400283365617638,0.2206421835932274,0.0859106035654561,0.5518668560871124,0.5280097413637921
