Round,player1,player2,player3,player4,player5
0,0.985116,0.999516,0.993916,0.999856,0.993916
1,0.8426914129897296,0.953340708700973,0.8769820145365572,0.9867250304950987,0.991653361517197
