Round,Status Quo
0,0.43664980220661564
1,0.47731454186467925
