,player1,player2,player3,player4,player5
player1,1.0,0.5,0.5,0.5,0.5
player2,0.0,1.0,0.5,0.5,0.5
player3,0.0,0.09090909090909091,1.0,0.5,0.5
player4,0.0,0.0,0.42857142857142855,1.0,0.5
player5,0.0,0.0,0.09090909090909091,0.09090909090909091,1.0
