Round,Status Quo
0,0.9548370930111805
1,0.948120812882057
2,0.9393271191708469
3,0.9590883593309657
4,0.9735121455793162
5,0.9450285597453324
