Round,player_a,player_b,player_c,player_d
0,0.2,1.0,1.0,1.0
1,0.8219800269181956,1.0,0.8860551334255193,0.9839092713062044
2,0.8436606414500616,1.0,0.9263667283315971,0.9318587526714512
3,1.0,0.8663363996445175,0.9794671327096548,0.9614837606897952
4,0.9594950716188804,0.9596266619623128,0.9595561659784028,0.9582455518985918
5,0.9837529213938183,1.0,0.9619665037104336,0.9604742349285084
