Round,player_a,player_b,player_c,player_d
0,0.39750086372493487,0.9994339492267934,0.9994339492267934,0.9994339492267934
1,0.9823489999891643,0.9979603118323193,0.9952690420355564,0.9991548084491824
2,0.9890880725843981,0.9973085499439814,0.9995267598053714,0.9997355453977066
3,0.9963188015318913,0.9946723548630287,0.9983887793131043,0.9995090832366008
4,0.9999998345851149,0.9999997102302771,0.9999997811569407,0.9999992896756319
5,0.9998951265107171,0.9992983935681886,0.9998666981538356,0.9998300128858616
