name,position,capabilities,salience,resolve,true_hawk_type,true_retaliatory_type
player_a,1.0,0.03571428571428571,0.8,1.0,0.0,0.0
player_b,0.8616331389053206,0.32142857142857145,0.9,1.0,0.0,0.0
player_c,0.9844795897343968,0.2857142857142857,1.0,1.0,0.0,0.0
player_d,0.9766203114141173,0.35714285714285715,1.0,1.0,0.0,0.0
