Round,Bosnia,Serbia,Moldova,Finland,"UKR, Kiev","UKR, Western Ukraine less Kiev","UKR, Eastern Ukraine","NATO, sans USA","NATO, the United States",Sweden,Russia
0,0.7792875792957192,0.7792875792957193,0.9995919763689785,0.8557516522275423,0.9217117332629013,0.8912316927452218,0.9950720168866578,0.891231692745222,0.8912316927452218,0.9936318953336194,0.7293923815457733
1,0.9997140094042686,0.985777619942931,0.9979232469209846,0.989045730542974,0.9989704695706884,0.9985266952774455,0.9955219029232933,0.9997607199834951,0.998278846386131,0.99918463996192,0.9987758109382079
2,0.9969814259926608,0.9935000709115028,0.9943897647052946,0.9997103516104437,0.9983205008259215,0.9953114234826381,0.9962375202618451,0.9999016332062864,0.9998996050468462,0.9957502532473679,0.9998445551718907
3,0.9989537440194723,0.9976317777926957,0.9979564966325365,0.9999988428679815,0.9865387497755203,0.9965859957960214,0.9973371885674883,0.9993813388639898,0.9988411438259628,0.9979010967306298,0.9994213638710224
4,0.9920740122067288,0.9938055815670302,0.9973313459142391,0.99935562251041,0.9918505575552693,0.9999457353313157,0.9952574222245952,0.999088282139712,0.9999774420758111,0.9967750502989536,0.9998397631057853
