Round,Bosnia,Serbia,Moldova,Finland,"UKR, Kiev","UKR, Western Ukraine less Kiev","UKR, Eastern Ukraine","NATO, sans USA","NATO, the United States",Sweden,Russia
0,0.01,0.01,0.5,0.1,0.2,0.15,0.55,0.15,0.15,0.4,1.0
1,0.42127928048820773,0.5236256445491042,0.44993943038345885,0.509030669957145,0.43645432060525374,0.36598437224665537,0.4712866094438763,0.3888993454446111,0.362881235582656,0.37581351406532276,0.43935643725880097
2,0.42436834422843717,0.2888046556935473,0.44432829735575713,0.38644585299756484,0.32844510024307927,0.4378999744089157,0.3080877378313876,0.3793447969153587,0.3794465215984576,0.4346168751053048,0.35695904187505606
3,0.4011307950233223,0.3201205312425936,0.41399004005308304,0.3677092138869084,0.2527622865265007,0.31035543399062154,0.3171824782933748,0.39365781422752966,0.4028268912444421,0.4145987036719888,0.34473005793648337
4,0.36343898286992393,0.3531155937427536,0.22275194850120678,0.2997955575473837,0.36468522832971506,0.2817774216084211,0.3432773422017859,0.24421629987919866,0.2696614476579688,0.3311996065679066,0.28706943721241746
