Round,Status Quo
0,0.404368024008239
1,0.3694267934008607
2,0.3687849145974067
3,0.27441096596922426
4,0.23562422969600216
