,player1,player2,player3,player4,player5
player1,1.0,0.5,0.5,0.5,0.5
player2,0.16666666666666666,1.0,0.5,0.5,0.5
player3,0.5,0.16666666666666666,1.0,0.5,0.5
player4,0.25,0.25,0.25,1.0,0.5
player5,0.25,0.25,0.25,0.25,1.0
