name,position,capabilities,salience,resolve,true_hawk_type,true_retaliatory_type
player1,0.150214499667649,0.2,1.0,1.0,0.0,0.0
player2,0.069630558316156,0.2,1.0,1.0,0.0,0.0
player3,0.049337455301467104,0.2,1.0,1.0,0.0,0.0
player4,0.6895020323957903,0.2,1.0,1.0,0.0,0.0
player5,0.68462234174459,0.2,1.0,1.0,0.0,0.0
