Round,Status Quo
0,0.4218964672377128
1,0.4032981019658223
2,0.3466178139254442
3,0.3615374484619265
4,0.34267408882712225
5,0.3585665401416872
6,0.3417394662881835
7,0.3579947726088391
8,0.3415598824500291
9,0.35788491705998093
10,0.3415253788758518
11,0.35786381071332035
12,0.34151874978361896
13,0.3578597556098977
14,0.34151747615526235
15,0.35785897651496357
16,0.34151723145686497
17,0.35785882682980397
18,0.34151718444370094
19,0.357858798071247
