name,position,capabilities,salience,resolve,true_hawk_type,true_retaliatory_type
player1,0.0939619759349572,0.2,1.0,1.0,0.0,0.0
player2,0.1087445726680828,0.2,1.0,1.0,0.0,0.0
player3,0.0541639324948745,0.2,1.0,1.0,0.0,0.0
player4,0.7019211077786682,0.2,1.0,1.0,0.0,0.0
player5,0.6948649869894901,0.2,1.0,1.0,0.0,0.0
