Round,Status Quo
0,0.3043608963524145
1,0.30433654614181016
2,0.30485054993591815
3,0.3087422956621152
