Round,Status Quo
0,0.5150292329996373
1,0.5229803217744666
2,0.40473896572133256
3,0.3150534784226026
4,0.2776686295247902
5,0.26223598863039194
6,0.27685669230271875
