Round,Status Quo
0,0.6668073037420374
1,0.6669464815284376
2,0.6669463487312711
3,0.666946348713671
