Round,Bosnia,Serbia,Moldova,Finland,"UKR, Kiev","UKR, Western Ukraine less Kiev","UKR, Eastern Ukraine","NATO, sans USA","NATO, the United States",Sweden,Russia
0,0.01,0.01,0.5,0.1,0.2,0.15,0.55,0.15,0.15,0.4,1.0
1,0.38142323631248554,0.6524831333016738,0.5772254591525745,0.6385624181586596,0.6452631886612601,0.6345415274497901,0.6209771996098667,0.48523808731619417,0.3736357472639357,0.46287179574392906,0.7690699030830968
2,0.5139640371722668,0.7853904899671603,0.5933770783866911,0.638632949461216,0.6453372123686413,0.6346171802451216,0.6210534072718182,0.48534367435916936,0.373771525639369,0.463027655357071,0.7691961264689721
3,0.5133362317252759,0.7853904240811673,0.5933770112708057,0.6386328817090206,0.6453371411010573,0.6346171074140547,0.6210533340401486,0.4853435729832191,0.37377139594152514,0.4630275066460815,0.7691960060305126
