Round,Bosnia,Serbia,Moldova,Finland,"UKR, Kiev","UKR, Western Ukraine less Kiev","UKR, Eastern Ukraine","NATO, sans USA","NATO, the United States",Sweden,Russia
0,0.7792875792957192,0.7792875792957193,0.9995919763689785,0.8557516522275423,0.9217117332629013,0.8912316927452218,0.9950720168866578,0.891231692745222,0.8912316927452218,0.9936318953336194,0.7293923815457733
1,0.9185559340573649,0.9997948181411954,0.9919750931199492,0.999202226438382,0.9995358511053862,0.9989589196802586,0.9978996015552344,0.9670326196465053,0.9140504384722072,0.9584103085775536,0.98954236077601
2,0.976596371718811,0.9859710168649678,0.9945875429213672,0.9991983439018784,0.9995330394863795,0.9989548162785326,0.9978938257352764,0.9670204204282417,0.9140484452394426,0.958417112332892,0.9895450101095347
3,0.9764039319534045,0.9859710010145081,0.9945875525856281,0.9991983475851799,0.9995330421455944,0.9989548201558532,0.9978938312025604,0.9670204318406027,0.9140484470567303,0.9584171058426355,0.9895450075821877
